1695722669806638000,0.00000,0.00000,
1695722669909769000,0.01989,-0.06687,
1695722670012605000,-0.02563,-0.03251,
1695722670115651000,-0.02456,-0.02627,
1695722670218602000,-0.03325,-0.02555,
1695722670321601000,-0.03546,0.02679,
1695722670424848000,-0.01525,0.04769,
1695722670527878000,0.03632,0.04041,
1695722670630852000,-0.02796,0.03818,
1695722670733922000,-0.02843,0.02146,
1695722670836806000,0.02858,0.04784,
1695722670939769000,0.03125,0.07536,
1695722671042862000,-0.02724,-0.02457,
1695722671145825000,-0.04165,0.03716,
1695722671248751000,-0.01576,0.00876,
1695722671352021000,-0.03019,-0.03515,
1695722671455121000,-0.03794,-0.05248,
1695722671557993000,-0.02908,-0.03312,
1695722671660765000,-0.05273,-0.04020,
1695722671763754000,-0.01047,0.03543,
1695722671866539000,-0.03249,0.00333,
1695722671969511000,-0.04489,0.01030,
1695722672072491000,-0.05530,-0.00348,
1695722672175742000,-0.06994,-0.00920,
1695722672279144000,-0.08451,-0.00982,
1695722672382038000,-0.10855,-0.01865,
1695722672484974000,-0.13107,-0.02274,
1695722672587965000,-0.15137,-0.02442,
1695722672691183000,-0.17530,-0.03670,
1695722672794225000,-0.19421,-0.04529,
1695722672896984000,-0.20711,-0.05016,
1695722672999737000,-0.21311,-0.06030,
1695722673102778000,-0.22471,-0.06951,
1695722673205462000,-0.23416,-0.07774,
1695722673308513000,-0.24052,-0.09814,
1695722673411468000,-0.24665,-0.10597,
1695722673514316000,-0.25414,-0.11902,
1695722673616990000,-0.25691,-0.13722,
1695722673719982000,-0.25812,-0.15081,
1695722673822716000,-0.26215,-0.16462,
1695722673925967000,-0.25848,-0.17834,
1695722674028798000,-0.27007,-0.19748,
1695722674132906000,-0.28532,-0.22109,
1695722674236530000,-0.30105,-0.24131,
1695722674340184000,-0.32171,-0.26065,
1695722674443943000,-0.34705,-0.28147,
1695722674547355000,-0.37554,-0.29121,
1695722674650839000,-0.40863,-0.29645,
1695722674754202000,-0.43872,-0.30463,
1695722674857198000,-0.47184,-0.30473,
1695722674959818000,-0.49904,-0.30574,
1695722675062351000,-0.51805,-0.30823,
1695722675165313000,-0.53041,-0.30689,
1695722675268216000,-0.53798,-0.30268,
1695722675371753000,-0.54039,-0.29548,
1695722675474159000,-0.54095,-0.28704,
1695722675577422000,-0.53938,-0.27431,
1695722675680220000,-0.53596,-0.26165,
1695722675782833000,-0.54064,-0.24741,
1695722675885364000,-0.55939,-0.23431,
1695722675987899000,-0.58013,-0.22679,
1695722676090335000,-0.60361,-0.21192,
1695722676193305000,-0.61901,-0.19793,
1695722676296422000,-0.64243,-0.18689,
1695722676399749000,-0.66931,-0.16948,
1695722676502640000,-0.69541,-0.14979,
1695722676605593000,-0.73306,-0.12797,
1695722676708310000,-0.76592,-0.10890,
1695722676811272000,-0.80340,-0.08622,
1695722676915229000,-0.84325,-0.06610,
1695722677017329000,-0.87518,-0.04363,
1695722677120120000,-0.91394,-0.02358,
1695722677223055000,-0.95126,-0.00242,
1695722677325795000,-0.98652,0.00917,
1695722677428228000,-1.02121,0.01460,
1695722677530759000,-1.04480,0.01189,
1695722677633274000,-1.07039,0.00616,
1695722677735768000,-1.08138,-0.00217,
1695722677838471000,-1.08359,-0.01683,
1695722677941221000,-1.09074,-0.02691,
1695722678043987000,-1.09195,-0.04134,
1695722678147020000,-1.08367,-0.05544,
1695722678248791000,-1.08025,-0.05518,
1695722678354183000,-1.07624,-0.05361,
1695722678457415000,-1.06644,-0.05070,
1695722678560763000,-1.04817,-0.04360,
1695722678664438000,-1.02431,-0.03664,
1695722678767871000,-0.99914,-0.03177,
1695722678869968000,-0.96681,-0.02605,
1695722678972979000,-0.93708,-0.02224,
1695722679075920000,-0.91129,-0.01643,
1695722679179168000,-0.88508,-0.00861,
1695722679281917000,-0.86010,-0.00546,
1695722679384990000,-0.84165,-0.00404,
1695722679487654000,-0.81455,-0.00602,
1695722679589929000,-0.79137,-0.01192,
1695722679692408000,-0.77113,-0.01120,
1695722679795373000,-0.74409,-0.00528,
1695722679897590000,-0.72799,0.00222,
1695722680002158000,-0.71921,0.00994,
1695722680105779000,-0.71216,0.01874,
1695722680208869000,-0.71059,0.02573,
1695722680312431000,-0.71332,0.03396,
1695722680415886000,-0.71674,0.03716,
1695722680519269000,-0.71658,0.04597,
1695722680622381000,-0.71378,0.05454,
1695722680725350000,-0.70386,0.06413,
1695722680828139000,-0.68507,0.07269,
1695722680931180000,-0.66390,0.07743,
1695722681034212000,-0.64061,0.08765,
1695722681137124000,-0.61693,0.09585,
1695722681239844000,-0.59781,0.10342,
1695722681342820000,-0.57323,0.10541,
1695722681445594000,-0.55560,0.10463,
1695722681548292000,-0.53310,0.10390,
1695722681651254000,-0.51023,0.09954,
1695722681753804000,-0.48911,0.09810,
1695722681856518000,-0.46183,0.08884,
1695722681959271000,-0.43312,0.07621,
1695722682062020000,-0.40493,0.05811,
1695722682164935000,-0.37896,0.04881,
1695722682267286000,-0.34033,0.03124,
1695722682370289000,-0.30959,0.01722,
1695722682473238000,-0.26864,0.01504,
1695722682577264000,-0.22681,0.01336,
1695722682679542000,-0.19282,0.01138,
1695722682782873000,-0.15630,0.01530,
1695722682886138000,-0.11552,0.01960,
1695722682989275000,-0.07978,0.01976,
1695722683092282000,-0.04383,0.02877,
1695722683195272000,-0.01631,0.03403,
1695722683298606000,-0.00484,0.03161,
1695722683401654000,0.00469,0.03275,
1695722683504526000,0.01405,0.03344,
1695722683607734000,0.01975,0.03834,
1695722683711198000,0.02488,0.03683,
1695722683813994000,0.02855,0.03570,
1695722683917023000,0.02879,0.03672,
1695722684019980000,0.02946,0.03472,
1695722684122926000,0.02295,0.03814,
1695722684226147000,0.02981,0.03743,
1695722684329403000,0.03099,0.04008,
1695722684434295000,0.03204,0.04771,
1695722684535939000,0.03480,0.04778,
1695722684639562000,0.03207,0.05129,
1695722684742413000,0.02231,0.05345,
1695722684845138000,0.01062,0.05540,
1695722684948167000,-0.00944,0.05706,
1695722685051230000,-0.03211,0.05865,
1695722685154095000,-0.04381,0.05599,
1695722685256888000,-0.05040,0.05865,
1695722685359620000,-0.05730,0.05630,
1695722685462364000,-0.05184,0.04786,
1695722685564901000,-0.05392,0.03827,
1695722685667571000,-0.05183,0.03419,
1695722685768730000,-0.05085,0.03577,
1695722685873836000,-0.04893,0.03597,
1695722685977139000,-0.05209,0.03633,
1695722686080374000,-0.04508,0.03374,
1695722686183395000,-0.04903,0.03572,
1695722686286370000,-0.05061,0.03680,
1695722686389607000,-0.04638,0.03334,
1695722686493045000,-0.04804,0.03660,
1695722686595903000,-0.04786,0.03421,
1695722686699889000,-0.05138,0.03559,
1695722686802096000,-0.04778,0.03107,
1695722686905173000,-0.05080,0.03400,
1695722687008124000,-0.05075,0.03651,
1695722687111378000,-0.04562,0.03599,
1695722687214426000,-0.04731,0.03199,
1695722687317308000,-0.04966,0.03499,
1695722687420280000,-0.04987,0.03708,
1695722687523607000,-0.04781,0.03387,
1695722687626810000,-0.04898,0.03735,
1695722687729729000,-0.04586,0.03466,
1695722687832782000,-0.04712,0.03376,
1695722687935792000,-0.04972,0.03646,
1695722688039209000,-0.04856,0.03507,
1695722688142053000,-0.04881,0.03541,
1695722688245181000,-0.04831,0.03442,
1695722688348247000,-0.05005,0.03847,
1695722688451197000,-0.04926,0.03801,
1695722688554218000,-0.04873,0.03834,
1695722688657286000,-0.04687,0.03284,
1695722688760243000,-0.04796,0.03365,
1695722688863200000,-0.04922,0.03382,
1695722688966212000,-0.05157,0.03605,
1695722689069237000,-0.04744,0.03859,
1695722689172432000,-0.05169,0.03551,
1695722689279518000,-0.04960,0.03718,
1695722689378289000,-0.04854,0.03774,
1695722689481462000,-0.05219,0.03524,
1695722689584712000,-0.04779,0.03329,
1695722689687712000,-0.05219,0.03518,
1695722689790733000,-0.05016,0.03735,
1695722689894512000,-0.04998,0.03552,
1695722689996706000,-0.04920,0.03368,
1695722690099676000,-0.05060,0.03487,
1695722690202934000,-0.04560,0.03575,
1695722690306061000,-0.05358,0.03667,
1695722690408982000,-0.04652,0.03542,
1695722690512224000,-0.04753,0.03459,
1695722690615189000,-0.05431,0.03655,
1695722690718128000,-0.04878,0.03778,
1695722690821356000,-0.04805,0.03514,
1695722690924355000,-0.05124,0.03425,
1695722691027658000,-0.04843,0.03414,
1695722691130570000,-0.05120,0.03865,
1695722691233951000,-0.04720,0.03558,
1695722691336842000,-0.04888,0.03222,
1695722691439894000,-0.04926,0.03812,
1695722691542864000,-0.04892,0.03848,
1695722691646085000,-0.04673,0.03336,
1695722691749093000,-0.05232,0.03524,
1695722691852416000,-0.04781,0.03318,
1695722691955309000,-0.04816,0.03659,
1695722692058596000,-0.04874,0.03148,
1695722692161568000,-0.04893,0.03541,
1695722692264641000,-0.04842,0.03679,
1695722692367803000,-0.04530,0.03373,
1695722692470872000,-0.04843,0.03074,
1695722692573880000,-0.05238,0.03538,
1695722692676837000,-0.04848,0.03867,
1695722692780078000,-0.05053,0.03803,
1695722692883066000,-0.04857,0.03751,
1695722692986050000,-0.04621,0.03333,
1695722693089061000,-0.04658,0.03333,
1695722693192054000,-0.04943,0.03528,
1695722693295054000,-0.04988,0.03843,
1695722693398308000,-0.04595,0.03392,
1695722693501338000,-0.04818,0.03426,
1695722693604275000,-0.04936,0.03767,
1695722693707615000,-0.04630,0.03347,
1695722693810531000,-0.05407,0.03469,
1695722693913547000,-0.04891,0.03837,
1695722694016719000,-0.04770,0.03189,
1695722694119846000,-0.04862,0.03167,
1695722694222909000,-0.04726,0.03409,
1695722694325686000,-0.04726,0.03078,
1695722694428718000,-0.04723,0.03187,
1695722694531719000,-0.04799,0.03106,
1695722694634933000,-0.04851,0.03425,
1695722694737704000,-0.04842,0.03875,
1695722694841079000,-0.04809,0.03426,
1695722694944036000,-0.04892,0.03794,
1695722695047209000,-0.04938,0.03796,
1695722695150252000,-0.04912,0.03339,
1695722695253194000,-0.06396,0.03511,
1695722695356452000,-0.06988,0.03292,
1695722695459423000,-0.07987,0.03139,
1695722695562463000,-0.08596,0.03230,
1695722695665427000,-0.09608,0.03215,
1695722695768693000,-0.11224,0.02798,
1695722695871652000,-0.12904,0.02814,
1695722695974839000,-0.14815,0.02555,
1695722696078043000,-0.17570,0.02226,
1695722696181023000,-0.19788,0.01797,
1695722696284270000,-0.21951,0.01506,
1695722696387230000,-0.24178,0.00532,
1695722696490203000,-0.26662,0.00209,
1695722696593158000,-0.29104,-0.00219,
1695722696696402000,-0.31337,-0.00408,
1695722696799189000,-0.33053,-0.01019,
1695722696902320000,-0.34683,-0.01003,
1695722697005125000,-0.35750,-0.01018,
1695722697108310000,-0.36818,-0.01522,
1695722697211060000,-0.37186,-0.01708,
1695722697313986000,-0.37089,-0.01577,
1695722697416797000,-0.37112,-0.01653,
1695722697519819000,-0.37270,-0.01685,
1695722697622932000,-0.37422,-0.01366,
1695722697726053000,-0.38594,-0.01790,
1695722697829061000,-0.39962,-0.01782,
1695722697932475000,-0.41019,-0.02037,
1695722698035263000,-0.42285,-0.02165,
1695722698138306000,-0.43155,-0.02420,
1695722698241337000,-0.43914,-0.02600,
1695722698344302000,-0.44881,-0.02746,
1695722698447284000,-0.45630,-0.02903,
1695722698550295000,-0.46703,-0.03127,
1695722698653321000,-0.47813,-0.03708,
1695722698756020000,-0.48904,-0.04273,
1695722698858540000,-0.49613,-0.05594,
1695722698961585000,-0.49725,-0.06114,
1695722699064760000,-0.50012,-0.06074,
1695722699168064000,-0.50731,-0.06500,
1695722699271082000,-0.51408,-0.06580,
1695722699374265000,-0.52371,-0.06864,
1695722699477288000,-0.53416,-0.07008,
1695722699580006000,-0.54137,-0.07444,
1695722699683028000,-0.55049,-0.07758,
1695722699786009000,-0.56419,-0.07923,
1695722699889231000,-0.57306,-0.08198,
1695722699992295000,-0.58178,-0.08753,
1695722700095975000,-0.59218,-0.08980,
1695722700198479000,-0.60740,-0.08686,
1695722700301773000,-0.62826,-0.08581,
1695722700404997000,-0.64702,-0.08463,
1695722700507997000,-0.67885,-0.08342,
1695722700610749000,-0.71062,-0.08771,
1695722700713451000,-0.73373,-0.08945,
1695722700816412000,-0.75887,-0.09549,
1695722700919238000,-0.78702,-0.09818,
1695722701022198000,-0.80387,-0.10092,
1695722701125011000,-0.82502,-0.10350,
1695722701228397000,-0.84887,-0.10644,
1695722701331166000,-0.86806,-0.11042,
1695722701434448000,-0.88871,-0.11395,
1695722701536977000,-0.90796,-0.11435,
1695722701640014000,-0.92352,-0.11668,
1695722701743312000,-0.94842,-0.11738,
1695722701846146000,-0.97252,-0.11947,
1695722701949151000,-0.99514,-0.11996,
1695722702052153000,-1.01979,-0.12153,
1695722702155182000,-1.04467,-0.12375,
1695722702258148000,-1.07314,-0.12502,
1695722702361231000,-1.09707,-0.12746,
1695722702463983000,-1.12374,-0.12954,
1695722702567307000,-1.15739,-0.13009,
1695722702669660000,-1.18351,-0.13506,
1695722702772669000,-1.20737,-0.13818,
1695722702875597000,-1.23093,-0.13813,
1695722702978738000,-1.25116,-0.13834,
1695722703082022000,-1.28148,-0.13560,
1695722703184994000,-1.31135,-0.13287,
1695722703288117000,-1.34093,-0.13124,
1695722703390878000,-1.37116,-0.12126,
1695722703493646000,-1.39915,-0.12178,
1695722703596357000,-1.42538,-0.12096,
1695722703699157000,-1.45538,-0.11929,
1695722703802134000,-1.48326,-0.11906,
1695722703904849000,-1.50893,-0.10945,
1695722704007782000,-1.53378,-0.10719,
1695722704110814000,-1.56549,-0.10314,
1695722704213583000,-1.58751,-0.10275,
1695722704316536000,-1.61060,-0.10461,
1695722704419639000,-1.63718,-0.10462,
1695722704522621000,-1.66572,-0.10142,
1695722704625538000,-1.69080,-0.09951,
1695722704728295000,-1.71988,-0.09575,
1695722704831259000,-1.74691,-0.09312,
1695722704934289000,-1.77077,-0.09196,
1695722705037339000,-1.79612,-0.09356,
1695722705139996000,-1.81564,-0.09206,
1695722705243135000,-1.84177,-0.08872,
1695722705345962000,-1.86640,-0.08632,
1695722705449101000,-1.88909,-0.08522,
1695722705552064000,-1.90638,-0.08396,
1695722705655220000,-1.92901,-0.07354,
1695722705758521000,-1.94868,-0.06436,
1695722705861747000,-1.96587,-0.05160,
1695722705964780000,-1.98575,-0.04202,
1695722706067498000,-1.99922,-0.02552,
1695722706170554000,-2.01224,-0.01392,
1695722706273485000,-2.02426,0.00575,
1695722706376486000,-2.03898,0.02313,
1695722706479536000,-2.05484,0.05166,
1695722706582446000,-2.07800,0.07909,
1695722706685117000,-2.09943,0.10466,
1695722706787966000,-2.12281,0.13517,
1695722706891029000,-2.14320,0.16178,
1695722706993707000,-2.16259,0.19198,
1695722707099363000,-2.18663,0.21758,
1695722707199062000,-2.20980,0.25166,
1695722707301678000,-2.23928,0.28434,
1695722707404670000,-2.25971,0.31030,
1695722707507405000,-2.27944,0.33076,
1695722707610370000,-2.29807,0.35096,
1695722707713116000,-2.31676,0.37499,
1695722707816102000,-2.33340,0.39910,
1695722707919067000,-2.35382,0.41990,
1695722708021992000,-2.37492,0.44487,
1695722708124638000,-2.39100,0.46135,
1695722708227655000,-2.40665,0.48931,
1695722708331360000,-2.42057,0.52261,
1695722708434370000,-2.43232,0.55788,
1695722708537111000,-2.44531,0.59185,
1695722708640094000,-2.45658,0.61320,
1695722708742651000,-2.46928,0.63821,
1695722708845088000,-2.48359,0.66798,
1695722708948227000,-2.49582,0.69717,
1695722709051117000,-2.50846,0.73800,
1695722709154433000,-2.51978,0.78405,
1695722709257389000,-2.52829,0.82563,
1695722709360367000,-2.53410,0.86870,
1695722709463370000,-2.53645,0.90821,
1695722709566119000,-2.54018,0.94910,
1695722709669102000,-2.54627,0.98261,
1695722709771374000,-2.55018,1.01956,
1695722709873844000,-2.55318,1.05109,
1695722709976848000,-2.55807,1.08562,
1695722710079949000,-2.56372,1.13454,
1695722710183140000,-2.56455,1.17896,
1695722710285887000,-2.56586,1.22189,
1695722710388562000,-2.57390,1.24607,
1695722710491651000,-2.57798,1.29072,
1695722710594293000,-2.58385,1.32810,
1695722710697317000,-2.58960,1.36260,
1695722710800321000,-2.59500,1.40466,
1695722710903275000,-2.60301,1.45461,
1695722711006253000,-2.60879,1.50350,
1695722711109228000,-2.61712,1.54044,
1695722711212271000,-2.62904,1.59203,
1695722711315396000,-2.63607,1.64658,
1695722711418066000,-2.64433,1.69662,
1695722711520975000,-2.65279,1.74084,
1695722711623758000,-2.66486,1.79313,
1695722711726687000,-2.65833,1.82991,
1695722711829748000,-2.66882,1.87095,
1695722711932714000,-2.68044,1.92571,
1695722712035484000,-2.68763,1.95778,
1695722712138225000,-2.69146,1.99849,
1695722712241244000,-2.70046,2.04493,
1695722712344045000,-2.70579,2.07645,
1695722712446905000,-2.71406,2.11116,
1695722712551062000,-2.72065,2.14275,
1695722712652977000,-2.73118,2.17764,
1695722712755688000,-2.73522,2.20150,
1695722712858998000,-2.73611,2.23988,
1695722712962006000,-2.73188,2.26762,
1695722713064979000,-2.73181,2.31004,
1695722713167704000,-2.73425,2.34648,
1695722713270450000,-2.73416,2.38356,
1695722713373191000,-2.73669,2.42117,
1695722713475947000,-2.74204,2.45323,
1695722713578902000,-2.74065,2.49640,
1695722713681956000,-2.74738,2.53898,
1695722713784957000,-2.73996,2.56216,
1695722713887700000,-2.74076,2.59474,
1695722713990602000,-2.73672,2.62156,
1695722714093435000,-2.73269,2.64710,
1695722714196185000,-2.72928,2.66932,
1695722714299143000,-2.72296,2.68998,
1695722714401976000,-2.72018,2.71609,
1695722714504932000,-2.71641,2.74626,
1695722714607967000,-2.71313,2.76543,
1695722714711037000,-2.71254,2.78959,
1695722714813849000,-2.71106,2.81514,
1695722714916922000,-2.70391,2.83970,
1695722715019918000,-2.69817,2.86115,
1695722715123041000,-2.69894,2.88900,
1695722715226141000,-2.68762,2.91574,
1695722715328927000,-2.68370,2.92994,
1695722715431982000,-2.68816,2.95378,
1695722715534602000,-2.68764,2.97666,
1695722715637337000,-2.68169,2.98133,
1695722715740102000,-2.68163,2.98741,
1695722715843121000,-2.67892,2.99102,
1695722715945938000,-2.68213,3.00790,
1695722716049223000,-2.67745,3.00950,
1695722716152085000,-2.67099,3.01572,
1695722716255110000,-2.66734,3.02654,
1695722716357940000,-2.66935,3.03693,
1695722716460919000,-2.66418,3.04312,
1695722716564187000,-2.65480,3.05626,
1695722716667306000,-2.64785,3.07023,
1695722716770334000,-2.63799,3.07842,
1695722716873307000,-2.62904,3.09516,
1695722716976309000,-2.62082,3.11172,
1695722717079227000,-2.60482,3.12908,
1695722717182381000,-2.59548,3.15071,
1695722717285355000,-2.58232,3.15839,
1695722717388292000,-2.56472,3.17994,
1695722717491477000,-2.55297,3.19605,
1695722717594005000,-2.53676,3.21200,
1695722717697037000,-2.51772,3.21226,
1695722717799732000,-2.50658,3.22631,
1695722717902761000,-2.48696,3.23464,
1695722718005761000,-2.46870,3.23997,
1695722718108967000,-2.44577,3.24858,
1695722718212206000,-2.42831,3.25437,
1695722718315174000,-2.40342,3.26329,
1695722718418145000,-2.38921,3.26520,
1695722718520956000,-2.36498,3.26420,
1695722718624078000,-2.34905,3.26336,
1695722718727212000,-2.33712,3.25801,
1695722718830287000,-2.31446,3.25515,
1695722718933225000,-2.28817,3.24268,
1695722719036237000,-2.26772,3.23494,
1695722719138939000,-2.22648,3.22789,
1695722719241196000,-2.19429,3.23378,
1695722719343789000,-2.15830,3.23899,
1695722719446191000,-2.11789,3.25786,
1695722719548828000,-2.09623,3.27589,
1695722719650397000,-2.07891,3.29293,
1695722719753498000,-2.05706,3.30308,
1695722719856229000,-2.03303,3.30889,
1695722719959478000,-2.00840,3.32440,
1695722720062645000,-1.96586,3.34305,
1695722720165922000,-1.92871,3.35729,
1695722720268970000,-1.89552,3.37205,
1695722720371944000,-1.86536,3.38569,
1695722720474936000,-1.82552,3.39613,
1695722720577608000,-1.81049,3.40967,
1695722720680627000,-1.78576,3.41942,
1695722720783340000,-1.76877,3.43472,
1695722720887084000,-1.73939,3.44584,
1695722720989330000,-1.71197,3.45607,
1695722721092368000,-1.68286,3.47008,
1695722721195325000,-1.65965,3.48220,
1695722721298373000,-1.63217,3.49306,
1695722721401325000,-1.60722,3.50443,
1695722721504067000,-1.58106,3.51431,
1695722721607188000,-1.55807,3.52510,
1695722721710124000,-1.54296,3.53740,
1695722721812924000,-1.52921,3.54099,
1695722721916080000,-1.51382,3.54554,
1695722722019323000,-1.48505,3.54926,
1695722722122851000,-1.45959,3.54445,
1695722722226159000,-1.43476,3.54105,
1695722722329309000,-1.41329,3.53334,
1695722722432632000,-1.39521,3.52594,
1695722722535095000,-1.36176,3.52401,
1695722722637538000,-1.33535,3.52452,
1695722722740138000,-1.30678,3.52045,
1695722722842697000,-1.28255,3.51920,
1695722722945337000,-1.25547,3.51719,
1695722723048053000,-1.23454,3.51766,
1695722723150811000,-1.20434,3.51835,
1695722723253559000,-1.18209,3.52065,
1695722723356596000,-1.15064,3.51633,
1695722723459352000,-1.12608,3.51814,
1695722723562387000,-1.10048,3.51800,
1695722723665053000,-1.06665,3.51705,
1695722723768005000,-1.04247,3.51088,
1695722723871051000,-1.02405,3.50136,
1695722723974207000,-0.99833,3.49402,
1695722724077240000,-0.98180,3.48768,
1695722724180225000,-0.95763,3.47641,
1695722724283216000,-0.93670,3.46368,
1695722724386226000,-0.91065,3.44704,
1695722724490226000,-0.87257,3.43577,
1695722724591687000,-0.84048,3.42094,
1695722724694473000,-0.80686,3.40335,
1695722724797176000,-0.75869,3.38538,
1695722724900202000,-0.73329,3.36826,
1695722725003463000,-0.70270,3.34370,
1695722725106473000,-0.66277,3.32188,
1695722725209668000,-0.62086,3.30143,
1695722725312435000,-0.59546,3.27946,
1695722725414924000,-0.56459,3.26444,
1695722725517681000,-0.53584,3.24845,
1695722725620426000,-0.50463,3.23247,
1695722725723225000,-0.48263,3.21769,
1695722725827148000,-0.45523,3.20195,
1695722725928656000,-0.42482,3.19186,
1695722726031482000,-0.40071,3.17995,
1695722726134175000,-0.37341,3.16937,
1695722726236634000,-0.34605,3.16488,
1695722726339446000,-0.32641,3.15960,
1695722726441038000,-0.29649,3.15355,
1695722726545418000,-0.25797,3.14432,
1695722726648696000,-0.22263,3.14216,
1695722726751699000,-0.19052,3.13189,
1695722726854592000,-0.16602,3.11752,
1695722726958685000,-0.13478,3.11840,
1695722727060206000,-0.10722,3.12799,
1695722727162607000,-0.07596,3.12510,
1695722727265910000,-0.04105,3.10571,
1695722727368899000,-0.00063,3.10840,
1695722727471917000,0.03320,3.09721,
1695722727575110000,0.05576,3.09282,
1695722727678356000,0.09411,3.08812,
1695722727780561000,0.10778,3.08833,
1695722727881945000,0.13331,3.09401,
1695722727986130000,0.15171,3.10007,
1695722728090052000,0.17744,3.10859,
1695722728191300000,0.20844,3.11689,
1695722728294371000,0.23840,3.12605,
1695722728397584000,0.26973,3.13103,
1695722728499571000,0.31807,3.13860,
1695722728604245000,0.36760,3.14308,
1695722728707295000,0.42210,3.14996,
1695722728810060000,0.47732,3.15967,
1695722728913082000,0.52314,3.16682,
1695722729015877000,0.57323,3.17693,
1695722729118900000,0.62801,3.18242,
1695722729221807000,0.67552,3.18856,
1695722729324470000,0.72203,3.19750,
1695722729427422000,0.77309,3.20486,
1695722729530354000,0.82146,3.20983,
1695722729633347000,0.86747,3.20869,
1695722729736548000,0.92177,3.20560,
1695722729839302000,0.97250,3.20770,
1695722729942023000,1.02764,3.21171,
1695722730044742000,1.07621,3.21199,
1695722730149568000,1.12418,3.21214,
1695722730250050000,1.17435,3.21212,
1695722730352714000,1.22291,3.21370,
1695722730455701000,1.26863,3.21512,
1695722730558705000,1.31358,3.21483,
1695722730661523000,1.36428,3.21461,
1695722730764523000,1.41373,3.21661,
1695722730867191000,1.46755,3.21973,
1695722730970148000,1.51061,3.22399,
1695722731073035000,1.57014,3.22811,
1695722731175651000,1.62158,3.22812,
1695722731278744000,1.67336,3.23215,
1695722731380903000,1.72120,3.24050,
1695722731483703000,1.77218,3.24508,
1695722731586435000,1.82574,3.25038,
1695722731689174000,1.86450,3.25181,
1695722731792221000,1.89764,3.25521,
1695722731895199000,1.93694,3.25283,
1695722731998141000,1.97679,3.24798,
1695722732101174000,2.01534,3.24701,
1695722732204171000,2.05291,3.24440,
1695722732307133000,2.08813,3.24417,
1695722732409702000,2.12677,3.24709,
1695722732512654000,2.16935,3.24617,
1695722732615517000,2.21119,3.24534,
1695722732718140000,2.25865,3.24938,
1695722732820932000,2.30363,3.24993,
1695722732923847000,2.35666,3.25101,
1695722733026671000,2.39870,3.24928,
1695722733129386000,2.43991,3.25686,
1695722733232393000,2.48820,3.25478,
1695722733334883000,2.52798,3.26393,
1695722733437638000,2.56438,3.26896,
1695722733540640000,2.60346,3.27047,
1695722733643416000,2.64036,3.25985,
1695722733746628000,2.67136,3.25490,
1695722733849589000,2.70947,3.24674,
1695722733952590000,2.74225,3.23452,
1695722734055570000,2.79639,3.21430,
1695722734158345000,2.82274,3.20776,
1695722734261087000,2.86768,3.19994,
1695722734364040000,2.88832,3.19727,
1695722734466279000,2.93325,3.18176,
1695722734568892000,2.98876,3.16238,
1695722734671540000,3.02903,3.15950,
1695722734774034000,3.06425,3.15420,
1695722734877109000,3.10796,3.14117,
1695722734980008000,3.14659,3.13438,
1695722735082560000,3.18237,3.12513,
1695722735185264000,3.21598,3.11852,
1695722735288078000,3.24800,3.11496,
1695722735391049000,3.27934,3.10991,
1695722735494485000,3.31888,3.09934,
1695722735597034000,3.35328,3.09517,
1695722735699898000,3.39339,3.09178,
1695722735802882000,3.42832,3.08469,
1695722735905858000,3.46072,3.07947,
1695722736008513000,3.49839,3.07158,
1695722736111546000,3.53132,3.06080,
1695722736214574000,3.57188,3.05098,
1695722736317858000,3.60008,3.04097,
1695722736420932000,3.63404,3.02833,
1695722736523770000,3.68573,3.01713,
1695722736626865000,3.72276,3.00129,
1695722736729484000,3.76100,2.98280,
1695722736832549000,3.79883,2.96627,
1695722736935251000,3.83397,2.94712,
1695722737038185000,3.87254,2.92578,
1695722737140970000,3.90894,2.90079,
1695722737243687000,3.94512,2.87745,
1695722737346519000,3.97714,2.85528,
1695722737449189000,4.01495,2.83064,
1695722737555214000,4.04533,2.80657,
1695722737654645000,4.08716,2.78430,
1695722737757538000,4.11730,2.75740,
1695722737860144000,4.15501,2.73487,
1695722737963166000,4.19071,2.71406,
1695722738064950000,4.22743,2.70665,
1695722738167174000,4.25695,2.70194,
1695722738269408000,4.28650,2.70231,
1695722738371674000,4.31573,2.69715,
1695722738475562000,4.34449,2.68814,
1695722738578900000,4.37829,2.67885,
1695722738682038000,4.41599,2.66903,
1695722738784908000,4.45523,2.65710,
1695722738887680000,4.48415,2.64760,
1695722738990399000,4.51405,2.64066,
1695722739093483000,4.54652,2.63142,
1695722739196204000,4.56517,2.62858,
1695722739299027000,4.57971,2.62575,
1695722739401699000,4.58954,2.62000,
1695722739504659000,4.61456,2.61279,
1695722739607956000,4.64154,2.60852,
1695722739710167000,4.66160,2.60822,
1695722739812655000,4.67417,2.61065,
1695722739915112000,4.68240,2.61210,
1695722740018192000,4.70752,2.61045,
1695722740121380000,4.73747,2.60625,
1695722740224415000,4.76851,2.60328,
1695722740327321000,4.79974,2.59682,
1695722740430356000,4.83287,2.59609,
1695722740533059000,4.86334,2.58900,
1695722740636051000,4.90028,2.58744,
1695722740738915000,4.93526,2.58197,
1695722740841598000,4.96755,2.58248,
1695722740944385000,4.98532,2.58614,
1695722741046890000,5.00590,2.59013,
1695722741149611000,5.02803,2.59632,
1695722741252025000,5.05392,2.60400,
1695722741355134000,5.06383,2.60486,
1695722741458113000,5.07462,2.60481,
1695722741561005000,5.08094,2.60820,
1695722741663791000,5.09025,2.61413,
1695722741766358000,5.09496,2.62415,
1695722741869113000,5.09442,2.63209,
1695722741971551000,5.09692,2.64461,
1695722742074017000,5.09827,2.65562,
1695722742176901000,5.09185,2.66782,
1695722742279916000,5.09013,2.67332,
1695722742382893000,5.08809,2.68144,
1695722742486080000,5.09795,2.68845,
1695722742588892000,5.09964,2.69678,
1695722742691537000,5.09634,2.70414,
1695722742794516000,5.10347,2.71391,
1695722742897199000,5.10012,2.72308,
1695722743000325000,5.08889,2.72858,
1695722743103100000,5.08273,2.73382,
1695722743206033000,5.07749,2.73957,
1695722743309013000,5.07718,2.74377,
1695722743411727000,5.07591,2.74649,
1695722743514782000,5.06834,2.74861,
1695722743617681000,5.06655,2.75499,
1695722743720461000,5.06132,2.76216,
1695722743823245000,5.05579,2.76662,
1695722743925905000,5.04935,2.77274,
1695722744028926000,5.04832,2.77721,
1695722744131662000,5.04021,2.78088,
1695722744234474000,5.02891,2.78309,
1695722744337179000,5.02465,2.78411,
1695722744440207000,5.01365,2.78701,
1695722744543549000,5.00161,2.78870,
1695722744646155000,4.99645,2.78721,
1695722744749210000,4.99360,2.78449,
1695722744852372000,4.99653,2.79210,
1695722744955908000,4.99590,2.80145,
1695722745059160000,4.99999,2.81057,
1695722745162254000,4.99562,2.81814,
1695722745264876000,4.98310,2.82192,
1695722745367683000,4.98452,2.81720,
1695722745470264000,4.97739,2.81791,
1695722745572902000,4.97427,2.81707,
1695722745675955000,4.96818,2.81796,
1695722745778644000,4.96190,2.82453,
1695722745881664000,4.95375,2.83344,
1695722745984393000,4.94314,2.84062,
1695722746086430000,4.93672,2.84322,
1695722746190152000,4.92503,2.84715,
1695722746293173000,4.92210,2.84725,
1695722746396408000,4.91626,2.85900,
1695722746499610000,4.90641,2.86557,
1695722746602574000,4.89497,2.87770,
1695722746705398000,4.88236,2.88775,
1695722746808192000,4.87173,2.89867,
1695722746911184000,4.85087,2.91493,
1695722747016026000,4.84148,2.92202,
1695722747117073000,4.82956,2.94109,
1695722747220382000,4.81963,2.95286,
1695722747323289000,4.80775,2.97170,
1695722747426097000,4.79633,2.98874,
1695722747529036000,4.78871,2.99982,
1695722747632006000,4.77261,3.01633,
1695722747735308000,4.76793,3.02763,
1695722747837929000,4.75416,3.04238,
1695722747940534000,4.74612,3.05423,
1695722748043520000,4.73665,3.06634,
1695722748147248000,4.73106,3.07507,
1695722748249042000,4.72588,3.08489,
1695722748352064000,4.71980,3.09167,
1695722748455049000,4.70835,3.10310,
1695722748557848000,4.69740,3.11578,
1695722748660882000,4.68792,3.12854,
1695722748763522000,4.66943,3.14391,
1695722748866284000,4.65819,3.13908,
1695722748968485000,4.63596,3.13681,
1695722749071042000,4.61987,3.12907,
1695722749173554000,4.61243,3.11436,
1695722749279249000,4.60790,3.10005,
1695722749379010000,4.59285,3.09672,
1695722749482375000,4.57919,3.09379,
1695722749584881000,4.56557,3.08829,
1695722749687972000,4.55374,3.08672,
1695722749790763000,4.53165,3.08296,
1695722749893982000,4.51748,3.08466,
1695722749997350000,4.50201,3.08385,
1695722750099963000,4.48716,3.08395,
1695722750203074000,4.47403,3.08123,
1695722750305678000,4.45859,3.07758,
1695722750408223000,4.43936,3.06904,
1695722750510737000,4.41381,3.06488,
1695722750613174000,4.39679,3.05505,
1695722750714164000,4.36718,3.05051,
1695722750819425000,4.33594,3.04990,
1695722750922636000,4.30164,3.04287,
1695722751025641000,4.25843,3.03487,
1695722751128708000,4.21345,3.02776,
1695722751231644000,4.15999,3.02284,
1695722751334675000,4.10857,3.02109,
1695722751437655000,4.07277,3.02351,
1695722751540730000,4.02210,3.02825,
1695722751643398000,3.97866,3.03617,
1695722751746116000,3.93984,3.04076,
1695722751848656000,3.89669,3.04777,
1695722751951133000,3.85237,3.04958,
1695722752053930000,3.80653,3.05875,
1695722752156864000,3.76197,3.06582,
1695722752259644000,3.71947,3.06726,
1695722752362390000,3.68209,3.07565,
1695722752464939000,3.64812,3.07524,
1695722752567628000,3.60399,3.08401,
1695722752670419000,3.55722,3.08872,
1695722752773109000,3.51393,3.09093,
1695722752875890000,3.47193,3.09248,
1695722752978158000,3.42788,3.08776,
1695722753081480000,3.37639,3.09003,
1695722753184134000,3.33292,3.09083,
1695722753287160000,3.28024,3.09243,
1695722753390354000,3.24940,3.10027,
1695722753493350000,3.21054,3.11355,
1695722753596353000,3.15236,3.12624,
1695722753699323000,3.09541,3.13871,
1695722753802116000,3.06806,3.16057,
1695722753904291000,2.99561,3.15306,
1695722754007023000,2.93656,3.14812,
1695722754109290000,2.87416,3.15546,
1695722754212398000,2.81759,3.18575,
1695722754314528000,2.77908,3.18086,
1695722754416928000,2.72257,3.18392,
1695722754519158000,2.67576,3.18478,
1695722754621522000,2.62421,3.18002,
1695722754724329000,2.58187,3.17595,
1695722754827069000,2.54006,3.16174,
1695722754929908000,2.49683,3.15704,
1695722755033002000,2.42996,3.15012,
1695722755136168000,2.38615,3.13578,
1695722755239160000,2.34249,3.12234,
1695722755341829000,2.29333,3.11358,
1695722755444933000,2.25140,3.11202,
1695722755547556000,2.21251,3.10920,
1695722755650255000,2.16373,3.11129,
1695722755753063000,2.11395,3.10936,
1695722755855513000,2.06572,3.10514,
1695722755958071000,2.01716,3.10251,
1695722756061842000,1.96609,3.10189,
1695722756163559000,1.92007,3.09919,
1695722756266290000,1.88580,3.09277,
1695722756368936000,1.84561,3.08954,
1695722756471724000,1.80048,3.08628,
1695722756574460000,1.76185,3.07986,
1695722756678072000,1.72956,3.08332,
1695722756780501000,1.68313,3.09077,
1695722756883473000,1.65065,3.08965,
1695722756986155000,1.61243,3.09743,
1695722757088955000,1.58439,3.10583,
1695722757191737000,1.54902,3.11874,
1695722757294425000,1.50084,3.13063,
1695722757397204000,1.45686,3.14153,
1695722757499659000,1.41560,3.14684,
1695722757602435000,1.37127,3.15769,
1695722757705188000,1.32031,3.17490,
1695722757808025000,1.28698,3.18274,
1695722757910660000,1.23534,3.19035,
1695722758013397000,1.19205,3.20329,
1695722758116669000,1.15171,3.21199,
1695722758218917000,1.11146,3.21885,
1695722758321816000,1.07192,3.22693,
1695722758424180000,1.03467,3.23366,
1695722758526912000,1.01140,3.23690,
1695722758629662000,0.97811,3.24050,
1695722758733974000,0.94465,3.23920,
1695722758834727000,0.90586,3.24205,
1695722758937687000,0.86372,3.23771,
1695722759040388000,0.81528,3.23901,
1695722759142894000,0.77290,3.23641,
1695722759245586000,0.73143,3.22683,
1695722759348403000,0.69538,3.22134,
1695722759451140000,0.63665,3.21618,
1695722759553853000,0.60443,3.21135,
1695722759656613000,0.56447,3.20488,
1695722759759338000,0.52156,3.20365,
1695722759862475000,0.47440,3.20211,
1695722759965386000,0.42850,3.20003,
1695722760068363000,0.38738,3.20591,
1695722760171135000,0.33376,3.20753,
1695722760273864000,0.29169,3.20704,
1695722760376589000,0.23459,3.20910,
1695722760479088000,0.18589,3.20846,
1695722760583119000,0.13807,3.20351,
1695722760684034000,0.11781,3.19167,
1695722760786568000,0.06149,3.18066,
1695722760888864000,0.01593,3.17128,
1695722760992290000,-0.02492,3.16005,
1695722761095544000,-0.07913,3.14895,
1695722761198877000,-0.10652,3.14257,
1695722761301840000,-0.13766,3.14370,
1695722761405798000,-0.18063,3.14719,
1695722761508224000,-0.23551,3.15993,
1695722761611106000,-0.26972,3.16296,
1695722761713904000,-0.32799,3.16640,
1695722761816269000,-0.36138,3.17863,
1695722761918856000,-0.39960,3.18867,
1695722762021826000,-0.45033,3.19965,
1695722762124609000,-0.48907,3.21967,
1695722762227045000,-0.52895,3.23330,
1695722762329864000,-0.58315,3.26200,
1695722762432028000,-0.62639,3.27402,
1695722762534927000,-0.67163,3.29402,
1695722762637549000,-0.73667,3.30703,
1695722762740210000,-0.76666,3.33250,
1695722762843054000,-0.81343,3.35677,
1695722762945644000,-0.85407,3.37127,
1695722763048335000,-0.89279,3.38795,
1695722763151249000,-0.94102,3.40626,
1695722763255143000,-0.97341,3.43077,
1695722763357269000,-1.02057,3.45005,
1695722763460051000,-1.05377,3.46981,
1695722763562561000,-1.08667,3.48831,
1695722763665013000,-1.11857,3.50880,
1695722763767534000,-1.15683,3.52887,
1695722763870008000,-1.18829,3.52962,
1695722763972303000,-1.21852,3.53719,
1695722764074815000,-1.25872,3.54058,
1695722764177368000,-1.29487,3.54061,
1695722764279848000,-1.33395,3.54708,
1695722764382894000,-1.38184,3.55865,
1695722764485813000,-1.42633,3.56268,
1695722764588919000,-1.47919,3.57011,
1695722764691610000,-1.51922,3.57716,
1695722764794708000,-1.56792,3.58636,
1695722764897351000,-1.62145,3.59380,
1695722765000148000,-1.65450,3.59730,
1695722765103177000,-1.70729,3.60526,
1695722765206148000,-1.73767,3.60860,
1695722765308922000,-1.77443,3.60944,
1695722765411724000,-1.81687,3.61834,
1695722765514511000,-1.85947,3.62388,
1695722765617227000,-1.90089,3.62860,
1695722765720623000,-1.93336,3.62473,
1695722765822745000,-1.97212,3.61916,
1695722765925225000,-1.99296,3.61154,
1695722766027851000,-2.01700,3.60496,
1695722766130049000,-2.04154,3.59563,
1695722766232639000,-2.06186,3.58498,
1695722766335301000,-2.07110,3.57500,
1695722766437992000,-2.08751,3.56127,
1695722766541010000,-2.12641,3.54419,
1695722766644065000,-2.14909,3.53182,
1695722766747146000,-2.18983,3.51482,
1695722766850482000,-2.22486,3.49702,
1695722766953047000,-2.24738,3.47939,
1695722767056105000,-2.29675,3.45646,
1695722767158818000,-2.34342,3.43858,
1695722767261422000,-2.38046,3.41536,
1695722767362173000,-2.41413,3.39417,
1695722767466640000,-2.44774,3.36720,
1695722767569429000,-2.48602,3.33599,
1695722767671850000,-2.51416,3.29936,
1695722767774710000,-2.54617,3.27694,
1695722767877407000,-2.56611,3.23220,
1695722767979702000,-2.58150,3.19996,
1695722768082218000,-2.59226,3.15336,
1695722768184952000,-2.60122,3.13324,
1695722768287653000,-2.60643,3.10192,
1695722768390580000,-2.61086,3.08947,
1695722768493148000,-2.61577,3.06532,
1695722768596278000,-2.62337,3.03584,
1695722768699009000,-2.63124,2.99846,
1695722768801767000,-2.63579,2.96265,
1695722768904221000,-2.63711,2.92236,
1695722769007047000,-2.63439,2.89122,
1695722769109750000,-2.63070,2.84414,
1695722769212498000,-2.63315,2.80235,
1695722769315528000,-2.63671,2.76783,
1695722769418526000,-2.63572,2.72814,
1695722769521591000,-2.63018,2.68110,
1695722769624342000,-2.62342,2.64457,
1695722769727359000,-2.63018,2.59415,
1695722769830092000,-2.62634,2.54686,
1695722769932838000,-2.63086,2.49146,
1695722770035563000,-2.63858,2.45492,
1695722770138353000,-2.64334,2.41399,
1695722770241058000,-2.64364,2.35506,
1695722770343827000,-2.64966,2.31071,
1695722770446842000,-2.65166,2.25517,
1695722770549360000,-2.65116,2.20953,
1695722770651981000,-2.64461,2.13523,
1695722770754353000,-2.64225,2.09169,
1695722770856882000,-2.63897,2.05197,
1695722770959637000,-2.63226,2.01450,
1695722771062115000,-2.62917,1.97413,
1695722771164885000,-2.61771,1.93638,
1695722771267639000,-2.60559,1.89280,
1695722771370496000,-2.59908,1.84563,
1695722771473183000,-2.59214,1.79169,
1695722771576010000,-2.58418,1.75004,
1695722771679003000,-2.57990,1.70860,
1695722771781745000,-2.57453,1.66019,
1695722771884422000,-2.56924,1.61405,
1695722771987484000,-2.56528,1.57360,
1695722772090239000,-2.55613,1.52089,
1695722772193051000,-2.54725,1.47519,
1695722772296045000,-2.54495,1.42982,
1695722772399054000,-2.53622,1.37539,
1695722772501799000,-2.53180,1.32759,
1695722772604537000,-2.52685,1.28293,
1695722772709759000,-2.51981,1.23834,
1695722772810015000,-2.50962,1.18691,
1695722772912824000,-2.50386,1.13170,
1695722773015586000,-2.49641,1.08439,
1695722773118282000,-2.49147,1.04384,
1695722773221416000,-2.48095,0.99371,
1695722773324168000,-2.47686,0.94563,
1695722773426879000,-2.47014,0.88993,
1695722773529884000,-2.46109,0.83990,
1695722773632585000,-2.45130,0.79443,
1695722773735338000,-2.44213,0.75542,
1695722773838022000,-2.42952,0.71125,
1695722773940609000,-2.41695,0.67024,
1695722774043359000,-2.40321,0.63611,
1695722774145838000,-2.38792,0.60405,
1695722774248402000,-2.36848,0.57111,
1695722774351214000,-2.35768,0.54327,
1695722774453669000,-2.34534,0.52278,
1695722774556403000,-2.32702,0.49645,
1695722774659275000,-2.31174,0.47698,
1695722774761802000,-2.29369,0.46104,
1695722774864398000,-2.27415,0.44552,
1695722774967306000,-2.26217,0.43311,
1695722775070272000,-2.24731,0.41766,
1695722775173541000,-2.23166,0.40275,
1695722775275478000,-2.21008,0.39153,
1695722775378413000,-2.18913,0.37845,
1695722775480957000,-2.16120,0.36102,
1695722775584516000,-2.13085,0.34078,
1695722775686495000,-2.09717,0.32200,
1695722775789779000,-2.05959,0.29076,
1695722775892819000,-2.02416,0.26608,
1695722775995551000,-1.98746,0.24324,
1695722776098575000,-1.94883,0.21316,
1695722776201508000,-1.91542,0.17841,
1695722776304209000,-1.87543,0.15023,
1695722776406817000,-1.84455,0.12576,
1695722776509632000,-1.81202,0.10509,
1695722776612348000,-1.78075,0.08345,
1695722776715147000,-1.75068,0.05774,
1695722776817821000,-1.71267,0.03469,
1695722776920662000,-1.68700,0.01582,
1695722777023391000,-1.65652,-0.00765,
1695722777126106000,-1.62573,-0.02602,
1695722777228855000,-1.59864,-0.04375,
1695722777331651000,-1.57157,-0.06440,
1695722777434870000,-1.54287,-0.08391,
1695722777537093000,-1.50552,-0.09535,
1695722777639402000,-1.46313,-0.10773,
1695722777741631000,-1.43238,-0.10558,
1695722777843914000,-1.39665,-0.09694,
1695722777946367000,-1.35788,-0.09465,
1695722778048940000,-1.32526,-0.09203,
1695722778151935000,-1.28088,-0.09423,
1695722778255449000,-1.23065,-0.09306,
1695722778358490000,-1.16767,-0.09507,
1695722778461444000,-1.10360,-0.09232,
1695722778564227000,-1.04910,-0.09016,
1695722778667244000,-0.97752,-0.08993,
1695722778770029000,-0.91973,-0.09345,
1695722778872739000,-0.86074,-0.09842,
1695722778975565000,-0.80866,-0.09949,
1695722779078038000,-0.75092,-0.10241,
1695722779180551000,-0.70468,-0.10247,
1695722779283073000,-0.66265,-0.10758,
1695722779385513000,-0.61741,-0.10816,
1695722779489213000,-0.57471,-0.10595,
1695722779591267000,-0.53142,-0.11005,
1695722779694131000,-0.48637,-0.11061,
1695722779797138000,-0.44018,-0.11823,
1695722779903224000,-0.39801,-0.12679,
1695722780002836000,-0.35310,-0.13909,
1695722780105866000,-0.30758,-0.15339,
1695722780208565000,-0.25633,-0.16513,
1695722780311014000,-0.21101,-0.17407,
1695722780413298000,-0.16426,-0.18642,
1695722780516023000,-0.11810,-0.19353,
1695722780618270000,-0.06946,-0.19556,
1695722780720432000,-0.02069,-0.19901,
1695722780823024000,0.03476,-0.19851,
1695722780924942000,0.08550,-0.20313,
1695722781028625000,0.14208,-0.20758,
1695722781131376000,0.19619,-0.21228,
1695722781234176000,0.24325,-0.21577,
1695722781336994000,0.28716,-0.22053,
1695722781439431000,0.33889,-0.22697,
1695722781542013000,0.38365,-0.23308,
1695722781644724000,0.42583,-0.23529,
1695722781747196000,0.47132,-0.24168,
1695722781850109000,0.51535,-0.24283,
1695722781952684000,0.56084,-0.24770,
1695722782055437000,0.60381,-0.24763,
1695722782158025000,0.65344,-0.25155,
1695722782260805000,0.70228,-0.25404,
1695722782363633000,0.74778,-0.24679,
1695722782466251000,0.79188,-0.25219,
1695722782569174000,0.83229,-0.25224,
1695722782671805000,0.86784,-0.25713,
1695722782774601000,0.90806,-0.25876,
1695722782877303000,0.94375,-0.26153,
1695722782980245000,0.97886,-0.25942,
1695722783082814000,1.03108,-0.27497,
1695722783185531000,1.07675,-0.27662,
1695722783288322000,1.13041,-0.28005,
1695722783391086000,1.17578,-0.28246,
1695722783493795000,1.21819,-0.29050,
1695722783596664000,1.26511,-0.29556,
1695722783699291000,1.31819,-0.30222,
1695722783802088000,1.37096,-0.31035,
1695722783904663000,1.41423,-0.30926,
1695722784007316000,1.45885,-0.30599,
1695722784110130000,1.50654,-0.29338,
1695722784212576000,1.53190,-0.29582,
1695722784315436000,1.55128,-0.29868,
1695722784417600000,1.57317,-0.28961,
1695722784520159000,1.60458,-0.29436,
1695722784622623000,1.64112,-0.29571,
1695722784725309000,1.67529,-0.27744,
1695722784828138000,1.71896,-0.26732,
1695722784931204000,1.77782,-0.26198,
1695722785034217000,1.81268,-0.24426,
1695722785137172000,1.84111,-0.23402,
1695722785240026000,1.88215,-0.23469,
1695722785342704000,1.91652,-0.21647,
1695722785445884000,1.95431,-0.21061,
1695722785548751000,1.99078,-0.23141,
1695722785652071000,2.03639,-0.21708,
1695722785755014000,2.07451,-0.25282,
1695722785857444000,2.09982,-0.21403,
1695722785959754000,2.16394,-0.19530,
1695722786062314000,2.19105,-0.23994,
1695722786164863000,2.23808,-0.20572,
1695722786267289000,2.28297,-0.22469,
1695722786369863000,2.32206,-0.21738,
1695722786472551000,2.35569,-0.22556,
1695722786575371000,2.39030,-0.22619,
1695722786678082000,2.42817,-0.22523,
1695722786780806000,2.46729,-0.22854,
1695722786883585000,2.50457,-0.22923,
1695722786986919000,2.55037,-0.24033,
1695722787089575000,2.58873,-0.24950,
1695722787192340000,2.62627,-0.26558,
1695722787295185000,2.66860,-0.27141,
1695722787397851000,2.71185,-0.27381,
1695722787500395000,2.74902,-0.29486,
1695722787603086000,2.79321,-0.29292,
1695722787705677000,2.84217,-0.30018,
1695722787808703000,2.88834,-0.30045,
1695722787911380000,2.92792,-0.30556,
1695722788014094000,2.95760,-0.31504,
1695722788116922000,2.99270,-0.31940,
1695722788219373000,3.02709,-0.31614,
1695722788322147000,3.06292,-0.33065,
1695722788424917000,3.09918,-0.33630,
1695722788527660000,3.14181,-0.34709,
1695722788630255000,3.21432,-0.35280,
1695722788732916000,3.23024,-0.36260,
1695722788835872000,3.24989,-0.37641,
1695722788938189000,3.28455,-0.38776,
1695722789040994000,3.31395,-0.38397,
1695722789143799000,3.37035,-0.38058,
1695722789246497000,3.39930,-0.38854,
1695722789349516000,3.44993,-0.40122,
1695722789452477000,3.50271,-0.42128,
1695722789555105000,3.56386,-0.42440,
1695722789657976000,3.56785,-0.43440,
1695722789761190000,3.56381,-0.44611,
1695722789863594000,3.59103,-0.44333,
1695722789966360000,3.62991,-0.44170,
1695722790069066000,3.65139,-0.47215,
1695722790171797000,3.67826,-0.46929,
1695722790274503000,3.72551,-0.47549,
1695722790377322000,3.75285,-0.45359,
1695722790480024000,3.78728,-0.47363,
1695722790583097000,3.81368,-0.50133,
1695722790685758000,3.86179,-0.49187,
1695722790788528000,3.92125,-0.47001,
1695722790891284000,3.94005,-0.49480,
1695722790994045000,3.95211,-0.49751,
1695722791096788000,3.97020,-0.48878,
1695722791199545000,4.00871,-0.46760,
1695722791302241000,4.04329,-0.46102,
1695722791404605000,4.07518,-0.46034,
1695722791507127000,4.10559,-0.45354,
1695722791609871000,4.13628,-0.45061,
1695722791712651000,4.16549,-0.44985,
1695722791815675000,4.19613,-0.45101,
1695722791918486000,4.22701,-0.45061,
1695722792021212000,4.25361,-0.44719,
1695722792123929000,4.28920,-0.45522,
1695722792226672000,4.32163,-0.45300,
1695722792329411000,4.36044,-0.45882,
1695722792432318000,4.37858,-0.45221,
1695722792535128000,4.39452,-0.44909,
1695722792637511000,4.41360,-0.45002,
1695722792740204000,4.43235,-0.44121,
1695722792843075000,4.44728,-0.43598,
1695722792945748000,4.46702,-0.43096,
1695722793048496000,4.47546,-0.43153,
1695722793151266000,4.50213,-0.42611,
1695722793254259000,4.51114,-0.42311,
1695722793357015000,4.52350,-0.41813,
1695722793459720000,4.53473,-0.41478,
1695722793562783000,4.54251,-0.41512,
1695722793665307000,4.54645,-0.41327,
1695722793767998000,4.55101,-0.41245,
1695722793870750000,4.55219,-0.41320,
1695722793973528000,4.55327,-0.41362,
1695722794076318000,4.55380,-0.41254,
1695722794179110000,4.54570,-0.41354,
1695722794281741000,4.55407,-0.41175,
1695722794384523000,4.55398,-0.41197,
1695722794487907000,4.55727,-0.41279,
1695722794590440000,4.55257,-0.41268,
1695722794693037000,4.55459,-0.41065,
1695722794795775000,4.55510,-0.40869,
1695722794898359000,4.55349,-0.40209,
1695722795001064000,4.55220,-0.39680,
1695722795104596000,4.56298,-0.39431,
1695722795206849000,4.56924,-0.39193,
1695722795309634000,4.57571,-0.38915,
1695722795412603000,4.58311,-0.38662,
1695722795515644000,4.58158,-0.38633,
1695722795618365000,4.58452,-0.38577,
1695722795721394000,4.59050,-0.38770,
1695722795824594000,4.58488,-0.38662,
1695722795926938000,4.58493,-0.38221,
1695722796029630000,4.58267,-0.37767,
1695722796132132000,4.58089,-0.37419,
1695722796235013000,4.58092,-0.36697,
1695722796337432000,4.57900,-0.36274,
1695722796440265000,4.57637,-0.35675,
1695722796543042000,4.57763,-0.35035,
1695722796645762000,4.57582,-0.34483,
1695722796748483000,4.57380,-0.33792,
1695722796851167000,4.56989,-0.32859,
1695722796953998000,4.56030,-0.32358,
1695722797056411000,4.55351,-0.31730,
1695722797160461000,4.55018,-0.31532,
1695722797261699000,4.54502,-0.30775,
1695722797364737000,4.53834,-0.30203,
1695722797467798000,4.53259,-0.29618,
1695722797570764000,4.53128,-0.28452,
1695722797673711000,4.52547,-0.27689,
1695722797776495000,4.51705,-0.27419,
1695722797879042000,4.50463,-0.27655,
1695722797982015000,4.49627,-0.28114,
1695722798085018000,4.49288,-0.27767,
1695722798188286000,4.48764,-0.27341,
1695722798291327000,4.49166,-0.27221,
1695722798394316000,4.48766,-0.27625,
1695722798497299000,4.48923,-0.27569,
1695722798599809000,4.48129,-0.26644,
1695722798702654000,4.47984,-0.26465,
1695722798805086000,4.48990,-0.27520,
1695722798907665000,4.46863,-0.27412,
1695722799010072000,4.46540,-0.28334,
1695722799112638000,4.45631,-0.28473,
1695722799215107000,4.44750,-0.28997,
1695722799317879000,4.46018,-0.30088,
1695722799421819000,4.43204,-0.30787,
1695722799523868000,4.42369,-0.32026,
1695722799626935000,4.42300,-0.31470,
1695722799730178000,4.40342,-0.31315,
1695722799833586000,4.39573,-0.30814,
1695722799936788000,4.39133,-0.29593,
1695722800039774000,4.38573,-0.28547,
1695722800142341000,4.37774,-0.27779,
1695722800245198000,4.35163,-0.26431,
1695722800347611000,4.34996,-0.26456,
1695722800450149000,4.33369,-0.27393,
1695722800552653000,4.32568,-0.27105,
1695722800655406000,4.30864,-0.28175,
1695722800758191000,4.30339,-0.29647,
1695722800860408000,4.28379,-0.28235,
1695722800963219000,4.28565,-0.30766,
1695722801065399000,4.27096,-0.32658,
1695722801167942000,4.25490,-0.30437,
1695722801269444000,4.24929,-0.31451,
1695722801373748000,4.24447,-0.31414,
1695722801477471000,4.23361,-0.31784,
1695722801580461000,4.22363,-0.31844,
1695722801683525000,4.20876,-0.31299,
1695722801786498000,4.19326,-0.31315,
1695722801889429000,4.17918,-0.30659,
1695722801991813000,4.15820,-0.32015,
1695722802094263000,4.14100,-0.33140,
1695722802196764000,4.12972,-0.34382,
1695722802299359000,4.11752,-0.35517,
1695722802401999000,4.10223,-0.36294,
1695722802505373000,4.08347,-0.36732,
1695722802608557000,4.06250,-0.36829,
1695722802711396000,4.03663,-0.37273,
1695722802814316000,4.00644,-0.37519,
1695722802917073000,3.97612,-0.37434,
1695722803020092000,3.94844,-0.38073,
1695722803122883000,3.91863,-0.38404,
1695722803225682000,3.88518,-0.38704,
1695722803328620000,3.85012,-0.38950,
1695722803431881000,3.81758,-0.39093,
1695722803534922000,3.79810,-0.38541,
1695722803637673000,3.76952,-0.37798,
1695722803740435000,3.74176,-0.37020,
1695722803843252000,3.71120,-0.36273,
1695722803945368000,3.65789,-0.35032,
1695722804047622000,3.62212,-0.34959,
1695722804149893000,3.59245,-0.34711,
1695722804252331000,3.58746,-0.35827,
1695722804355035000,3.54784,-0.37420,
1695722804457363000,3.51465,-0.36522,
1695722804560407000,3.48776,-0.36086,
1695722804662640000,3.45445,-0.35765,
1695722804765443000,3.41843,-0.35442,
1695722804868156000,3.39022,-0.35351,
1695722804970438000,3.35995,-0.35345,
1695722805072728000,3.34069,-0.36619,
1695722805175213000,3.31459,-0.36584,
1695722805277433000,3.29536,-0.37823,
1695722805381195000,3.27010,-0.37995,
1695722805484606000,3.23772,-0.37726,
1695722805587470000,3.19491,-0.36170,
1695722805690282000,3.16497,-0.36271,
1695722805792979000,3.13604,-0.35756,
1695722805895813000,3.10170,-0.34869,
1695722805998278000,3.07565,-0.34147,
1695722806101054000,3.05105,-0.34724,
1695722806203470000,3.04046,-0.34824,
1695722806306533000,2.97210,-0.30906,
1695722806409588000,2.92333,-0.29000,
1695722806512422000,2.88282,-0.27815,
1695722806614846000,2.87588,-0.27891,
1695722806716988000,2.85884,-0.28683,
1695722806819637000,2.83995,-0.28170,
1695722806921577000,2.81022,-0.28475,
1695722807023809000,2.80198,-0.29566,
1695722807126256000,2.87296,-0.28765,
1695722807228869000,2.92286,-0.30983,
1695722807331784000,2.93778,-0.32920,
1695722807434673000,2.96761,-0.37643,
1695722807537436000,2.95216,-0.46049,
1695722807640088000,2.91279,-0.43393,
1695722807742815000,2.87142,-0.42132,
1695722807845695000,2.83204,-0.40361,
1695722807948482000,2.87194,-0.62404,
1695722808051093000,2.85168,-0.57740,
1695722808153753000,2.82314,-0.57353,
1695722808256320000,2.81039,-0.59718,
1695722808359034000,2.78967,-0.56707,
1695722808461705000,2.75040,-0.55779,
1695722808564147000,2.73196,-0.55248,
1695722808666868000,2.70338,-0.54104,
1695722808769364000,2.72210,-0.48717,
1695722808871902000,2.76191,-0.48169,
1695722808974866000,2.72142,-0.44992,
1695722809077463000,2.69398,-0.44523,
1695722809180184000,2.71261,-0.49412,
1695722809283027000,2.76428,-0.48346,
1695722809385429000,2.86999,-0.55454,
1695722809487740000,3.00135,-0.59110,
1695722809590191000,2.95826,-0.59688,
1695722809692722000,2.92237,-0.57775,
1695722809793524000,2.91224,-0.56300,
1695722809898509000,2.86732,-0.55558,
1695722810001169000,2.84897,-0.53746,
1695722810103960000,2.81752,-0.51304,
1695722810207000000,2.79435,-0.52631,
1695722810309803000,2.75987,-0.50997,
1695722810412479000,2.73073,-0.54583,
1695722810515472000,2.74395,-0.57685,
1695722810618179000,2.77097,-0.56078,
1695722810721025000,2.81839,-0.59072,
1695722810823818000,2.87054,-0.58874,
1695722810926476000,2.88547,-0.58746,
1695722811029534000,2.85795,-0.56973,
1695722811132490000,2.90065,-0.55355,
1695722811235267000,2.96881,-0.54513,
1695722811338014000,2.98391,-0.44658,
1695722811440221000,3.05004,-0.42189,
1695722811542278000,3.07972,-0.40455,
1695722811644839000,3.09804,-0.40182,
1695722811747992000,3.20298,-0.38696,
1695722811849546000,3.17839,-0.37861,
1695722811952083000,3.13590,-0.35905,
1695722812054627000,3.10821,-0.34021,
1695722812157376000,3.07394,-0.30561,
1695722812259822000,3.01834,-0.28532,
1695722812362399000,2.98100,-0.27010,
1695722812464831000,2.92964,-0.25530,
1695722812567156000,2.88835,-0.25237,
1695722812669627000,2.83672,-0.25944,
1695722812772063000,2.79811,-0.25681,
1695722812872800000,2.76214,-0.25608,
1695722812977405000,2.72152,-0.25644,
1695722813079758000,2.68616,-0.26329,
1695722813182144000,2.65620,-0.26054,
1695722813284700000,2.63361,-0.26313,
1695722813387617000,2.59757,-0.26221,
1695722813490439000,2.56860,-0.26224,
1695722813593234000,2.54546,-0.25941,
1695722813695947000,2.52607,-0.26206,
1695722813798671000,2.50230,-0.26326,
1695722813901435000,2.46751,-0.26388,
1695722814004200000,2.42986,-0.26096,
1695722814106883000,2.38862,-0.26003,
1695722814209642000,2.33797,-0.25925,
1695722814312481000,2.30769,-0.25959,
1695722814415011000,2.28180,-0.25928,
1695722814517405000,2.27117,-0.26460,
1695722814620288000,2.26564,-0.26757,
1695722814722680000,2.25646,-0.26931,
1695722814825582000,2.25306,-0.27040,
1695722814928273000,2.25390,-0.27140,
1695722815031263000,2.22493,-0.26316,
1695722815133802000,2.24962,-0.26832,
1695722815236506000,2.25159,-0.26822,
1695722815339190000,2.25066,-0.26855,
1695722815441929000,2.24377,-0.26786,
1695722815544702000,2.25244,-0.27106,
1695722815647505000,2.25255,-0.26993,
1695722815750496000,2.24659,-0.26920,
1695722815853004000,2.24599,-0.27013,
1695722815955812000,2.22529,-0.26151,
1695722816058806000,2.24221,-0.26630,
1695722816161589000,2.22649,-0.26243,
1695722816264621000,2.25053,-0.26801,
1695722816367357000,2.25008,-0.26645,
1695722816470056000,2.24348,-0.26685,
1695722816572816000,2.24435,-0.26493,
1695722816675333000,2.24902,-0.26894,
1695722816778006000,2.25140,-0.26950,
1695722816880806000,2.24539,-0.26516,
1695722816983571000,2.25004,-0.26832,
1695722817086347000,2.24669,-0.26590,
1695722817189042000,2.23318,-0.26366,
1695722817292125000,2.22980,-0.26294,
1695722817394534000,2.22797,-0.26215,
1695722817497335000,2.24488,-0.26677,
1695722817600067000,2.24740,-0.26908,
1695722817702849000,2.24498,-0.26806,
1695722817805589000,2.24984,-0.26920,
1695722817908341000,2.25248,-0.27105,
1695722818011140000,2.25101,-0.26951,
1695722818113857000,2.25322,-0.26986,
1695722818216702000,2.24822,-0.26920,
1695722818319362000,2.25411,-0.26905,
